{
  "generatedBy": "Microsoft.NET.Sdk.Functions-1.0.24",
  "configurationSource": "attributes",
  "bindings": [
    {
      "type": "httpTrigger",
      "route": "subscriptions/{subscriptionId}/resourcegroups/{resourceGroupname}/providers/Microsoft.Customproviders/resourceproviders/{providerName}/sites/{url}/events/{eventName?}",
      "methods": [
        "get",
        "put",
        "delete"
      ],
      "authLevel": "anonymous",
      "name": "req"
    }
  ],
  "disabled": false,
  "scriptFile": "../bin/SharePointManager.dll",
  "entryPoint": "SharePointManager.CustomerSharePointManagement.events"
}