{
  "IsEncrypted": false,
  "Values": {
    "WEBSITE_SLOT_NAME": "Production",
    "spSiteUrl": "https://microsoft.sharepoint.com/teams/CustomProvidersDemo",
    "spWebTemplate": "SITEPAGEPUBLISHING#0",
    "AzureWebJobsStorage": "DefaultEndpointsProtocol=https;AccountName=hichmastorage;AccountKey=RF1Q8lrgRMMJXSgRq93sfeNvkWURPOkLRBSLctiZ546IWRJ1rJaj83cpQQl1UmyOtyA6gvhY+R+qc8PkO+az9A==",
    "ScmType": "None",
    "WEBSITE_AUTH_ENABLED": "False",
    "AzureWebJobsDashboard": "DefaultEndpointsProtocol=https;AccountName=hichmastorage;AccountKey=RF1Q8lrgRMMJXSgRq93sfeNvkWURPOkLRBSLctiZ546IWRJ1rJaj83cpQQl1UmyOtyA6gvhY+R+qc8PkO+az9A==",
    "WEBSITE_CONTENTAZUREFILECONNECTIONSTRING": "DefaultEndpointsProtocol=https;AccountName=hichmastorage;AccountKey=RF1Q8lrgRMMJXSgRq93sfeNvkWURPOkLRBSLctiZ546IWRJ1rJaj83cpQQl1UmyOtyA6gvhY+R+qc8PkO+az9A==",
    "WEBSITE_CONTENTSHARE": "customersharepointmanager",
    "spId": "5da99c06-4962-4bce-bef6-60d6e0397e83",
    "FUNCTIONS_EXTENSION_VERSION": "~1",
    "spSecret": "MrIs5VBKXaSEH+oIhdPmYbOTqab/jyYpPeRos4sEFMU=",
    "WEBSITE_SITE_NAME": "CustomerSharePointManager",
    "spWebLanguage": "1033"
  }
}